<metadata><idinfo><citation><citeinfo><title>Monroe County Conservation Lands as of 11-2011</title><geoform>vector digital data</geoform></citeinfo></citation><descript><abstract>This layer was created by querying the property appraiser’s data to select any properties owned by the county, state, cities, or federal government (it does not include conservation lands owned by private organizations or individuals). Properties that were not conservation lands (i.e. libraries, office buildings, roads) were manually removed. Some errors may remain. Source: Monroe County</abstract></descript><spdom><bounding><westbc>-81.812836</westbc><eastbc>-80.252631</eastbc><northbc>25.348170</northbc><southbc>24.544073</southbc></bounding></spdom><native>Microsoft Windows Server 2008 R2 Version 6.1 (Build 7601) Service Pack 1; ESRI ArcGIS 10.0.0.2414</native></idinfo><spdoinfo><direct>Vector</direct><ptvctinf><sdtsterm><sdtstype>GT-polygon composed of chains</sdtstype><ptvctcnt>12687</ptvctcnt></sdtsterm></ptvctinf></spdoinfo><spref><horizsys><planar><mapproj><mapprojn>WGS 1984 Web Mercator Auxiliary Sphere</mapprojn><mapprojp><otherprj>PROJCS["WGS_1984_Web_Mercator_Auxiliary_Sphere",GEOGCS["GCS_WGS_1984",DATUM["D_WGS_1984",SPHEROID["WGS_1984",6378137.0,298.257223563]],PRIMEM["Greenwich",0.0],UNIT["Degree",0.0174532925199433]],PROJECTION["Mercator_Auxiliary_Sphere"],PARAMETER["False_Easting",0.0],PARAMETER["False_Northing",0.0],PARAMETER["Central_Meridian",0.0],PARAMETER["Standard_Parallel_1",0.0],PARAMETER["Auxiliary_Sphere_Type",0.0],UNIT["Meter",1.0],AUTHORITY["EPSG",3857]]-20037700-30241100148923141.92838538-10000010000-100000100000.0010.0010.001true3857</otherprj></mapprojp></mapproj><planci><plance>coordinate pair</plance><coordrep><absres>0.000000006714873101998366</absres><ordres>0.000000006714873101998366</ordres></coordrep><plandu>Meter</plandu></planci></planar><geodetic><horizdn>D WGS 1984</horizdn><ellips>WGS 1984</ellips><semiaxis>6378137.0</semiaxis><denflat>298.257223563</denflat></geodetic></horizsys></spref><eainfo><detailed><enttyp><enttypl>conservationlands11-2011_Pro</enttypl></enttyp><attr><attrlabl>FID</attrlabl><attrdef>Internal feature number.</attrdef><attrdefs>ESRI</attrdefs><attrdomv><udom>Sequential unique whole numbers that are automatically generated.</udom></attrdomv></attr><attr><attrlabl>Shape</attrlabl><attrdef>Feature geometry.</attrdef><attrdefs>ESRI</attrdefs><attrdomv><udom>Coordinates defining the features.</udom></attrdomv></attr><attr><attrlabl>OBJECTID</attrlabl></attr><attr><attrlabl>ID</attrlabl></attr></detailed></eainfo><metainfo><metd>20121109</metd><metstdn>FGDC Content Standard for Digital Geospatial Metadata</metstdn><metstdv>FGDC-STD-001-1998</metstdv></metainfo><Esri><DataProperties><itemProps><itemLocation><linkage Sync="TRUE">file://\\IP-0A7A5217\G$\Global\Florida Keys\xml\conservationlands11-2011_Pro2</linkage><protocol Sync="TRUE">Local Area Network</protocol></itemLocation></itemProps><copyHistory><copy source="G:\Global\Florida Keys\Transfer_5_22\conservationlands11-2011_Pro2" dest="\\IP-0A7A5217\G$\Global\Florida Keys\xml\conservationlands11-2011_Pro2" date="20121109" time="03520600"/></copyHistory></DataProperties><ArcGISProfile>FGDC</ArcGISProfile></Esri><dataIdInfo><idAbs>&lt;DIV STYLE="text-align:Left;"&gt;&lt;DIV&gt;&lt;P&gt;&lt;SPAN&gt;This layer was created by querying the property appraiser’s data to select any properties owned by the county, state, cities, or federal government (it does not include conservation lands owned by private organizations or individuals). Properties that were not conservation lands (i.e. libraries, office buildings, roads) were manually removed. Some errors may remain. Source: Monroe County&lt;/SPAN&gt;&lt;/P&gt;&lt;/DIV&gt;&lt;/DIV&gt;</idAbs><idCitation><resTitle>Monroe County Conservation Lands as of 11-2011</resTitle></idCitation></dataIdInfo></metadata>
