﻿<?xml-stylesheet type="text/xsl" href="./FGDC_Plus.xsl"?>
<metadata>
  <idinfo>
    <citation>
      <citeinfo>
        <title>Highway Segment</title>
        <geoform>vector digital data</geoform>
      </citeinfo>
    </citation>
    <descript>
      <abstract>Major highway segments were developed with data from the 2000 version of TIGER/Line files, produced by the U.S. Census Bureau.</abstract>
      <purpose>Inventory data for the HAZUS-MH program.  </purpose>
    </descript>
    <spdom>
      <bounding>
        <westbc>-81.804151</westbc>
        <eastbc>-80.280048</eastbc>
        <northbc>25.314404</northbc>
        <southbc>24.550117</southbc>
      </bounding>
    </spdom>
    <keywords />
    <datacred>HAZUS-MH</datacred>
    <native>Microsoft Windows Server 2008 R2 Version 6.1 (Build 7601) Service Pack 1; ESRI ArcGIS 10.0.2.3200</native>
  </idinfo>
  <spdoinfo>
    <direct>Vector</direct>
    <ptvctinf>
      <sdtsterm>
        <sdtstype>String</sdtstype>
        <ptvctcnt>66</ptvctcnt>
      </sdtsterm>
    </ptvctinf>
  </spdoinfo>
  <spref>
    <horizsys>
      <planar>
        <mapproj>
          <mapprojn>WGS 1984 Web Mercator Auxiliary Sphere</mapprojn>
          <mapprojp>
            <otherprj>PROJCS["WGS_1984_Web_Mercator_Auxiliary_Sphere",GEOGCS["GCS_WGS_1984",DATUM["D_WGS_1984",SPHEROID["WGS_1984",6378137.0,298.257223563]],PRIMEM["Greenwich",0.0],UNIT["Degree",0.0174532925199433]],PROJECTION["Mercator_Auxiliary_Sphere"],PARAMETER["False_Easting",0.0],PARAMETER["False_Northing",0.0],PARAMETER["Central_Meridian",0.0],PARAMETER["Standard_Parallel_1",0.0],PARAMETER["Auxiliary_Sphere_Type",0.0],UNIT["Meter",1.0],AUTHORITY["EPSG",3857]]-20037700-30241100148923141.92838538-10000010000-100000100000.0010.0010.001true3857</otherprj>
          </mapprojp>
        </mapproj>
        <planci>
          <plance>coordinate pair</plance>
          <coordrep>
            <absres>0.000000006714873101998366</absres>
            <ordres>0.000000006714873101998366</ordres>
          </coordrep>
          <plandu>Meter</plandu>
        </planci>
      </planar>
      <geodetic>
        <horizdn>D WGS 1984</horizdn>
        <ellips>WGS 1984</ellips>
        <semiaxis>6378137.0</semiaxis>
        <denflat>298.257223563</denflat>
      </geodetic>
    </horizsys>
  </spref>
  <eainfo>
    <detailed>
      <enttyp>
        <enttypl>fl_infr_highwaysegment</enttypl>
      </enttyp>
      <attr>
        <attrlabl>FID</attrlabl>
        <attrdef>Internal feature number.</attrdef>
        <attrdefs>ESRI</attrdefs>
        <attrdomv>
          <udom>Sequential unique whole numbers that are automatically generated.</udom>
        </attrdomv>
      </attr>
      <attr>
        <attrlabl>SHAPE</attrlabl>
        <attrdef>Feature geometry.</attrdef>
        <attrdefs>ESRI</attrdefs>
        <attrdomv>
          <udom>Coordinates defining the features.</udom>
        </attrdomv>
      </attr>
      <attr>
        <attrlabl>HighwaySeg</attrlabl>
      </attr>
      <attr>
        <attrlabl>SegmentCla</attrlabl>
      </attr>
      <attr>
        <attrlabl>CountyFips</attrlabl>
      </attr>
      <attr>
        <attrlabl>Name</attrlabl>
      </attr>
      <attr>
        <attrlabl>Owner</attrlabl>
      </attr>
      <attr>
        <attrlabl>Length</attrlabl>
      </attr>
      <attr>
        <attrlabl>Traffic</attrlabl>
      </attr>
      <attr>
        <attrlabl>Cost</attrlabl>
      </attr>
      <attr>
        <attrlabl>NumLanes</attrlabl>
      </attr>
      <attr>
        <attrlabl>Pavement</attrlabl>
      </attr>
      <attr>
        <attrlabl>Width</attrlabl>
      </attr>
      <attr>
        <attrlabl>Capacity</attrlabl>
      </attr>
      <attr>
        <attrlabl>Comment</attrlabl>
      </attr>
      <attr>
        <attrlabl>SHAPE_Leng</attrlabl>
      </attr>
      <attr>
        <attrlabl>Shape_Le_1</attrlabl>
      </attr>
    </detailed>
  </eainfo>
  <metainfo>
    <metd>20110907</metd>
    <metstdn>FGDC Content Standard for Digital Geospatial Metadata</metstdn>
    <metstdv>FGDC-STD-001-1998</metstdv>
  </metainfo>
</metadata>