﻿<?xml-stylesheet type="text/xsl" href="./FGDC_Plus.xsl"?>
<metadata>
  <idinfo>
    <citation>
      <citeinfo>
        <title>Social Vulnerability Index - clipped to FL Keys study area</title>
        <geoform>vector digital data</geoform>
        <onlink>file://\\129.252.37.22\data$\HRL\Workspace\Projects\SEAGrant\Texas\TX_BlkGrp_SoVI.shp</onlink>
      </citeinfo>
    </citation>
    <descript>
      <abstract>This shapefile from which this was clipped depicts the social vulnerability of Gulf of Mexico costal counties census block groups to environmental hazards. Data were culled primarily from the 2000 Decennial Census. This file was clipped to FL Keys SLR study areas for display purposes in the Coastal Resiliance Fl Keys mapping apllication.</abstract>
      <purpose>This shapefile depicts the social vulnerability of coastal census block groups to environmental hazards. Data were culled primarily from the 2000 Decennial Census. The SoVI data was provided by the Hazards and Vulnerability Research Institute. TNC added the SOVI_SC field with scores of 1, 2 and 3 to indicate a given block groups vulnerability relative to other block groups within the state. 3 indicates those block groups with the highest vulnerability and 1 indicates the lowest. The scores were assigned by classifying each state's SoVI value by standard deviations. Values within plus or minus the state's mean SoVI score were score a 2. Values above this threshold were scored 3 and those below were scored 1.   This file has been clipped to the FL Keys SLR study areas for display purposes in the Coastal Resiliance Fl Keys mapping apllication.
</purpose>
    </descript>
    <spdom>
      <bounding>
        <westbc>-81.816477</westbc>
        <eastbc>-80.169929</eastbc>
        <northbc>25.536658</northbc>
        <southbc>24.544105</southbc>
      </bounding>
    </spdom>
    <keywords />
    <accconst>None</accconst>
    <useconst>REQUIRED: Restrictions and legal prerequisites for using the data set after access is granted.</useconst>
    <native>Microsoft Windows Server 2008 R2 Version 6.1 (Build 7601) Service Pack 1; ESRI ArcGIS 10.0.2.3200</native>
  </idinfo>
  <spdoinfo>
    <direct>Vector</direct>
    <ptvctinf>
      <sdtsterm>
        <sdtstype>GT-polygon composed of chains</sdtstype>
        <ptvctcnt>82</ptvctcnt>
      </sdtsterm>
    </ptvctinf>
  </spdoinfo>
  <spref>
    <horizsys>
      <planar>
        <mapproj>
          <mapprojn>WGS 1984 Web Mercator Auxiliary Sphere</mapprojn>
          <mapprojp>
            <otherprj>PROJCS["WGS_1984_Web_Mercator_Auxiliary_Sphere",GEOGCS["GCS_WGS_1984",DATUM["D_WGS_1984",SPHEROID["WGS_1984",6378137.0,298.257223563]],PRIMEM["Greenwich",0.0],UNIT["Degree",0.0174532925199433]],PROJECTION["Mercator_Auxiliary_Sphere"],PARAMETER["False_Easting",0.0],PARAMETER["False_Northing",0.0],PARAMETER["Central_Meridian",0.0],PARAMETER["Standard_Parallel_1",0.0],PARAMETER["Auxiliary_Sphere_Type",0.0],UNIT["Meter",1.0],AUTHORITY["EPSG",3857]]-20037700-30241100148923141.92838538-10000010000-100000100000.0010.0010.001true3857</otherprj>
          </mapprojp>
        </mapproj>
        <planci>
          <plance>coordinate pair</plance>
          <coordrep>
            <absres>0.000000006714873101998366</absres>
            <ordres>0.000000006714873101998366</ordres>
          </coordrep>
          <plandu>Meter</plandu>
        </planci>
      </planar>
      <geodetic>
        <horizdn>D WGS 1984</horizdn>
        <ellips>WGS 1984</ellips>
        <semiaxis>6378137.0</semiaxis>
        <denflat>298.257223563</denflat>
      </geodetic>
    </horizsys>
  </spref>
  <eainfo>
    <detailed>
      <enttyp>
        <enttypl>FL_keys_SoVI</enttypl>
      </enttyp>
      <attr>
        <attrlabl>FID</attrlabl>
        <attrdef>Internal feature number.</attrdef>
        <attrdefs>ESRI</attrdefs>
        <attrdomv>
          <udom>Sequential unique whole numbers that are automatically generated.</udom>
        </attrdomv>
      </attr>
      <attr>
        <attrlabl>OBJECTID_1</attrlabl>
        <attrdef>Internal feature number.</attrdef>
        <attrdefs>ESRI</attrdefs>
        <attrdomv>
          <udom>Sequential unique whole numbers that are automatically generated.</udom>
        </attrdomv>
      </attr>
      <attr>
        <attrlabl>OBJECTID</attrlabl>
        <attrdef>Internal feature number.</attrdef>
        <attrdefs>ESRI</attrdefs>
        <attrdomv>
          <udom>Sequential unique whole numbers that are automatically generated.</udom>
        </attrdomv>
      </attr>
      <attr>
        <attrlabl>Shape</attrlabl>
        <attrdef>Feature geometry automated by ESRI.</attrdef>
        <attrdefs>ESRI</attrdefs>
        <attrdomv>
          <udom>Coordinates defining the features.</udom>
        </attrdomv>
      </attr>
      <attr>
        <attrlabl>FIPSSTCO</attrlabl>
      </attr>
      <attr>
        <attrlabl>TRACT</attrlabl>
      </attr>
      <attr>
        <attrlabl>GROUP</attrlabl>
      </attr>
      <attr>
        <attrlabl>STFID</attrlabl>
      </attr>
      <attr>
        <attrlabl>GISJOIN</attrlabl>
      </attr>
      <attr>
        <attrlabl>GISJOIN2</attrlabl>
      </attr>
      <attr>
        <attrlabl>OID_</attrlabl>
      </attr>
      <attr>
        <attrlabl>FIPS</attrlabl>
        <attrdef>Unique identifier for each block group.</attrdef>
        <attrdefs>Federal Information Processing Standard</attrdefs>
      </attr>
      <attr>
        <attrlabl>KEY</attrlabl>
      </attr>
      <attr>
        <attrlabl>P001001</attrlabl>
      </attr>
      <attr>
        <attrlabl>H001001</attrlabl>
      </attr>
      <attr>
        <attrlabl>FID_1</attrlabl>
      </attr>
      <attr>
        <attrlabl>stfips</attrlabl>
        <attrdef>Unique identifier for the state.</attrdef>
        <attrdefs>Federal Informaiton Processing Standard</attrdefs>
      </attr>
      <attr>
        <attrlabl>stcofips</attrlabl>
        <attrdef>Unique identifer for the county.</attrdef>
        <attrdefs>Federal Information Processing Standard</attrdefs>
      </attr>
      <attr>
        <attrlabl>name</attrlabl>
        <attrdef>Block group name.</attrdef>
        <attrdefs>US Census, 2000.</attrdefs>
      </attr>
      <attr>
        <attrlabl>name_1</attrlabl>
      </attr>
      <attr>
        <attrlabl>QBLACK</attrlabl>
        <attrdef>Percent African American.</attrdef>
        <attrdefs>Hazards and Vulnerability Research Institute</attrdefs>
      </attr>
      <attr>
        <attrlabl>QINDIAN</attrlabl>
        <attrdef>Percent Native American.</attrdef>
        <attrdefs>Hazards and Vulnerability Research Institute</attrdefs>
      </attr>
      <attr>
        <attrlabl>QASIAN</attrlabl>
        <attrdef>Percent Asian and Hawaiian Islander.</attrdef>
        <attrdefs>Hazards and Vulnerability Research Institute</attrdefs>
      </attr>
      <attr>
        <attrlabl>QSPANISH</attrlabl>
        <attrdef>Percent Hispanic.</attrdef>
        <attrdefs>Hazards and Vulnerability Research Institute</attrdefs>
      </attr>
      <attr>
        <attrlabl>QKIDS</attrlabl>
        <attrdef>Percent of population under 5 years of age.</attrdef>
        <attrdefs>Hazards and Vulnerability Research Institute</attrdefs>
      </attr>
      <attr>
        <attrlabl>QPOP65O</attrlabl>
        <attrdef>Percent of population age 65 and over.</attrdef>
        <attrdefs>Hazards and Vulnerability Research Institute</attrdefs>
      </attr>
      <attr>
        <attrlabl>MEDAGE</attrlabl>
        <attrdef>Median age.</attrdef>
        <attrdefs>Hazards and Vulnerability Research Institute</attrdefs>
      </attr>
      <attr>
        <attrlabl>QFEMALE</attrlabl>
        <attrdef>Percent female population.</attrdef>
        <attrdefs>Hazards and Vulnerability Research Institute</attrdefs>
      </attr>
      <attr>
        <attrlabl>PPUNIT</attrlabl>
        <attrdef>Average number of people per household.</attrdef>
        <attrdefs>Hazards and Vulnerability Research Institute</attrdefs>
      </attr>
      <attr>
        <attrlabl>QRENTER</attrlabl>
        <attrdef>Percent renter occupied units.</attrdef>
        <attrdefs>Hazards and Vulnerability Research Institute</attrdefs>
      </attr>
      <attr>
        <attrlabl>QFHH</attrlabl>
        <attrdef>Percent female headed households, no spouse present.</attrdef>
        <attrdefs>Hazards and Vulnerability Research Institute</attrdefs>
      </attr>
      <attr>
        <attrlabl>NRRESPC</attrlabl>
        <attrdef>Nursing home residents per capita.</attrdef>
        <attrdefs>Hazards and Vulnerability Research Institute</attrdefs>
      </attr>
      <attr>
        <attrlabl>QCVLUN</attrlabl>
        <attrdef>Percent civilian unemployment.</attrdef>
        <attrdefs>Hazards and Vulnerability Research Institute</attrdefs>
      </attr>
      <attr>
        <attrlabl>PERCAP</attrlabl>
        <attrdef>Per capita Income (2000 dollars).</attrdef>
        <attrdefs>Hazards and Vulnerability Research Institute</attrdefs>
      </attr>
      <attr>
        <attrlabl>QRICH</attrlabl>
        <attrdef>Percentage of households earning 100,000 or more.</attrdef>
        <attrdefs>Hazards and Vulnerability Research Institute</attrdefs>
      </attr>
      <attr>
        <attrlabl>QPOVTY</attrlabl>
        <attrdef>Percent living below the poverty level.</attrdef>
        <attrdefs>Hazards and Vulnerability Research Institute</attrdefs>
      </attr>
      <attr>
        <attrlabl>MEAN_HSEVA</attrlabl>
      </attr>
      <attr>
        <attrlabl>MC_RENT</attrlabl>
        <attrdef>Mean contract rent for renter occupied housing units.</attrdef>
        <attrdefs>Hazards and Vulnerability Research Institute</attrdefs>
      </attr>
      <attr>
        <attrlabl>PHYSICN</attrlabl>
        <attrdef>Number persons per 100,000 population employed as healthcare practitioners and technical occupations.</attrdef>
        <attrdefs>Hazards and Vulnerability Research Institute</attrdefs>
      </attr>
      <attr>
        <attrlabl>QRFRM</attrlabl>
        <attrdef>Percent rural farm population.</attrdef>
        <attrdefs>Hazards and Vulnerability Research Institute</attrdefs>
      </attr>
      <attr>
        <attrlabl>QMOHO</attrlabl>
        <attrdef>Percent of housing units that are mobile homes.</attrdef>
        <attrdefs>Hazards and Vulnerability Research Institute</attrdefs>
      </attr>
      <attr>
        <attrlabl>QED12LES</attrlabl>
        <attrdef>Percent of population 25 years or older with no high school diploma.</attrdef>
        <attrdefs>Hazards and Vulnerability Research Institute</attrdefs>
      </attr>
      <attr>
        <attrlabl>QCVLBR</attrlabl>
        <attrdef>Percent of population participating in the labor force.</attrdef>
        <attrdefs>Hazards and Vulnerability Research Institute</attrdefs>
      </attr>
      <attr>
        <attrlabl>QFEMLBR</attrlabl>
        <attrdef>Percent females participating in the labor force.</attrdef>
        <attrdefs>Hazards and Vulnerability Research Institute</attrdefs>
      </attr>
      <attr>
        <attrlabl>QAGRI</attrlabl>
        <attrdef>Percent employment in farming, fishing, and forestry occupations.</attrdef>
        <attrdefs>Hazards and Vulnerability Research Institute</attrdefs>
      </attr>
      <attr>
        <attrlabl>QTRAN</attrlabl>
        <attrdef>Percent employed in transportation, communications, and other public utilities.</attrdef>
        <attrdefs>Hazards and Vulnerability Research Institute</attrdefs>
      </attr>
      <attr>
        <attrlabl>QSERV</attrlabl>
        <attrdef>Percent Employed in service industry.</attrdef>
        <attrdefs>Hazards and Vulnerability Research Institute</attrdefs>
      </attr>
      <attr>
        <attrlabl>QSSBEN</attrlabl>
        <attrdef>Percent of population collecting social security benefits.</attrdef>
        <attrdefs>Hazards and Vulnerability Research Institute</attrdefs>
      </attr>
      <attr>
        <attrlabl>QMIGRA</attrlabl>
        <attrdef>Percent Foreign Born Citizens Immigrating between 1990 and 2000.</attrdef>
        <attrdefs>Hazards and Vulnerability Research Institute</attrdefs>
      </attr>
      <attr>
        <attrlabl>QURBAN</attrlabl>
        <attrdef>Percent urban population.</attrdef>
        <attrdefs>Hazards and Vulnerability Research Institute</attrdefs>
      </attr>
      <attr>
        <attrlabl>HODENSTY</attrlabl>
      </attr>
      <attr>
        <attrlabl>stfid_1</attrlabl>
      </attr>
      <attr>
        <attrlabl>COMP1</attrlabl>
        <attrdef>SoVI Component 1: Class &amp; Ethnicity (Poverty) (+); Refer to Read Me file for driving variables</attrdef>
        <attrdefs>Hazards and Vulnerability Research Institute</attrdefs>
      </attr>
      <attr>
        <attrlabl>COMP2</attrlabl>
        <attrdef>SoVI Component 2: Age (||); Refer to Read Me file for driving variables</attrdef>
        <attrdefs>Hazards and Vulnerability Research Institute</attrdefs>
      </attr>
      <attr>
        <attrlabl>COMP3</attrlabl>
        <attrdef>SoVI Component 3: Urban/Rural Divide (||); Refer to Read Me file for driving variables</attrdef>
        <attrdefs>Hazards and Vulnerability Research Institute</attrdefs>
      </attr>
      <attr>
        <attrlabl>COMP4</attrlabl>
        <attrdef>SoVI Component 4: Renters/Migrants (+); Refer to Read Me file for driving variables</attrdef>
        <attrdefs>Hazards and Vulnerability Research Institute</attrdefs>
      </attr>
      <attr>
        <attrlabl>COMP5</attrlabl>
        <attrdef>SoVI Component 5: Gender (+); Refer to Read Me file for driving variables</attrdef>
        <attrdefs>Hazards and Vulnerability Research Institute</attrdefs>
      </attr>
      <attr>
        <attrlabl>COMP6</attrlabl>
        <attrdef>SoVI Component 6: Class &amp; Race (Affluent African American) (-); Refer to Read Me file for driving variables</attrdef>
        <attrdefs>Hazards and Vulnerability Research Institute</attrdefs>
      </attr>
      <attr>
        <attrlabl>COMP7</attrlabl>
        <attrdef>SoVI Component 7: Infrastructure Employment (-); Refer to Read Me file for driving variables</attrdef>
        <attrdefs>Hazards and Vulnerability Research Institute</attrdefs>
      </attr>
      <attr>
        <attrlabl>COMP8</attrlabl>
        <attrdef>SoVI Component 8: Special Needs (+); Refer to Read Me file for driving variables</attrdef>
        <attrdefs>Hazards and Vulnerability Research Institute</attrdefs>
      </attr>
      <attr>
        <attrlabl>SoVI</attrlabl>
        <attrdef>Aggregate SoVI Score</attrdef>
        <attrdefs>Hazards and Vulnerability Research Institute</attrdefs>
      </attr>
      <attr>
        <attrlabl>Shape_Leng</attrlabl>
      </attr>
      <attr>
        <attrlabl>Shape_Area</attrlabl>
        <attrdef>Area of feature in internal units squared.</attrdef>
        <attrdefs>ESRI</attrdefs>
        <attrdomv>
          <udom>Positive real numbers that are automatically generated.</udom>
        </attrdomv>
      </attr>
      <attr>
        <attrlabl>Shape_Le_1</attrlabl>
      </attr>
      <attr>
        <attrlabl>SoVI_sc</attrlabl>
      </attr>
    </detailed>
  </eainfo>
  <distinfo>
    <distliab>See access and use constraints information.</distliab>
  </distinfo>
  <metainfo>
    <metd>20120516</metd>
    <metstdn>FGDC Content Standard for Digital Geospatial Metadata</metstdn>
    <metstdv>FGDC-STD-001-1998</metstdv>
  </metainfo>
</metadata>