<metadata><mdLang><languageCode value="eng"/></mdLang><mdHrLv><ScopeCd value="005"/></mdHrLv><mdContact><rpIndName>Richard Eastlake</rpIndName><rpOrgName>Photo Science, Inc.</rpOrgName><rpPosName>Technical Manager</rpPosName><rpCntInfo><cntPhone><voiceNum>727-576-9500</voiceNum><faxNum>727-576-9600</faxNum></cntPhone><cntAddress><delPoint>10033 Martin Luther King St. Suite 200</delPoint><city>St. Petersburg</city><adminArea>FL</adminArea><postCode>33716</postCode><eMailAdd>reastlake@photoscience.com</eMailAdd></cntAddress><cntHours>8.00-5.00 Monday through Friday</cntHours></rpCntInfo><role><RoleCd value="007"/></role></mdContact><mdStanName>ArcGIS Metadata</mdStanName><mdStanVer>1.0</mdStanVer><distInfo><distributor><distorCont><rpIndName>Bryan Davisson</rpIndName><rpOrgName>Monroe County</rpOrgName><rpCntInfo><cntPhone><voiceNum>(305) 289 2533</voiceNum></cntPhone><cntAddress><delPoint>2798 Overseas Highway</delPoint><city>Marathon</city><adminArea>FL</adminArea><postCode>33050</postCode><country>US</country><eMailAdd>davisson-bryan@monroecounty-fl.gov</eMailAdd></cntAddress></rpCntInfo><role><RoleCd value="005"/></role></distorCont></distributor><distTranOps><transSize>10.106</transSize></distTranOps></distInfo><dataIdInfo><idCitation><citRespParty><rpOrgName>Photo Science, Inc.</rpOrgName><role><RoleCd value="006"/></role></citRespParty><resTitle>Monroe County Landcover</resTitle></idCitation><idAbs>&lt;DIV STYLE="text-align:Left;"&gt;&lt;DIV&gt;&lt;P&gt;&lt;SPAN&gt;Photo Science, Inc. of St. Petersburg, Florida was contracted by the Growth Management Division of Monroe County, Florida for the development of a geospatial land cover dataset for the Florida Keys. The previous GIS land cover dataset was developed based on 1991 aerial photography and had not been updated. Monroe County required the creation of a land cover dataset developed from 2006 high resolution orthophotographs to produce an updated land cover geospatial dataset. The minimum mapping unit for classification was 0.5 acres for all codes except hammocks which was 0.35 acres. Terramar Environmental Services, Inc., Sugarloaf Key, Florida contracted with the Growth Management Division of Monroe County, Florida to provide an independent review of the Land Cover dataset created by Photo Science, Inc. Photo Science were required by the County to update 734 areas identified by Terramar Environmental Services, Inc. based on current 2009 habitat field conditions. A 'data source' field was added within the dataset highlighting the 734 modifications.&lt;/SPAN&gt;&lt;/P&gt;&lt;/DIV&gt;&lt;/DIV&gt;</idAbs><idPurp>Creation of a 2006 land cover map from 1:4,800 scale CIR and natural color aerial photography that is consistent with the previous 1991 land cover map study area. This data was produced for the Monroe County's "Land Cover dataset for the Florida Keys" project.</idPurp><idCredit>Photo Science, Inc.</idCredit><idStatus><ProgCd value="001"/></idStatus><idPoC><rpIndName>Richard Eastlake</rpIndName><rpOrgName>Photo Science, Inc.</rpOrgName><rpPosName>Technical Manager</rpPosName><rpCntInfo><cntPhone><voiceNum>727-576-9500</voiceNum><faxNum>727-576-9600</faxNum></cntPhone><cntAddress><delPoint>10033 Martin Luther King Street North Suite 200</delPoint><city>St. Petersburg</city><adminArea>FL</adminArea><postCode>33716</postCode><country>US</country><eMailAdd>reastlake@photoscience.com</eMailAdd></cntAddress><cntHours>8.00-5.00 Monday through Friday</cntHours></rpCntInfo><role><RoleCd value="007"/></role></idPoC><resMaint><maintFreq><MaintFreqCd value="009"/></maintFreq></resMaint><themeKeys><keyword>habitat</keyword><keyword>map</keyword><keyword>Land Cover</keyword><keyword>Monroe County</keyword><keyword>vegetation</keyword><keyword>ADID</keyword></themeKeys><searchKeys><keyword>habitat</keyword><keyword>map</keyword><keyword>Land Cover</keyword><keyword>Monroe County</keyword><keyword>vegetation</keyword><keyword>ADID</keyword></searchKeys><resConst><LegConsts><accessConsts><RestrictCd value="008"/></accessConsts><othConsts>Access constraints: none</othConsts></LegConsts></resConst><resConst><LegConsts><useConsts><RestrictCd value="008"/></useConsts><othConsts>Use constraints: The positional accuracy of this data meets USGS NMAS for 1:12000 scale maps. This data has a minimum classification accuracy of 90% for all categories.</othConsts></LegConsts></resConst><aggrInfo><aggrDSName><resTitle>Monroe County</resTitle></aggrDSName><assocType><AscTypeCd value="001"/></assocType></aggrInfo><dataLang><languageCode value="eng"/></dataLang><dataExt><exDesc>ground condition</exDesc></dataExt><suppInfo>Interpreted from 1:4,800 CIR and natural color aerial photography flown in Febuary and March 2006.Data were compiled using ARCGIS in a heads up environment.</suppInfo></dataIdInfo><dqInfo><dqScope><scpLvl><ScopeCd value="005"/></scpLvl></dqScope><dqReport type="DQTopConsis"><evalMethDesc>Comparison of the completed land cover data with the 2006 orthophotos was performed. This was done during photointerpretation and quality assurance. Polygon topology present. All polygons were tested for slivers. Every polygon has a label, there are no multiple labels within polygons, there are no contiguous polygons.</evalMethDesc></dqReport><dqReport type="DQConcConsis"><measDesc>Comparison of the completed land cover data with the 2006 orthophotos was performed. This was done during photointerpretation and quality assurance. Polygon topology present. All polygons were tested for slivers. Every polygon has a label, there are no multiple labels within polygons, there are no contiguous polygons.</measDesc></dqReport><dqReport type="DQCompOm"><measDesc>Minimum mapping unit for all land cover polygons was 0.5 acres with the exception of the "Hammock" category which was 0.35 acres.The study area boundaries for the project were defined by Monroe County. Land Cover habitat features were captured and classified according to the rules, conventions, and descriptions in the Statement of Work and the Photointerpretation Key for the "Land Cover dataset for the Florida Keys" mapping project.</measDesc></dqReport><dqReport type="DQQuanAttAcc"><measDesc>To ensure the land cover dataset delivered to the County has a minimum classification accuracy of 90-percent for each Land Cover category, Photo Science conducted a thematic accuracy assessment as part of the QA procedure. Photo Science used a quantitative method (a statistical approach) described by Congalton and Mead (1983) to determine thematic accuracy of the final Monroe County Land Cover map. This method involved comparing the results of two separate and independent classifications of the same features. The first classification results were taken from the initial 2006 Photo Science map. The second classification results were taken from the classification derived by an independent photointerpretation conducted by HDR. Similarities and/or differences between these two classifications (Photo Science and HDR) were displayed in an error matrix, (also referred to as a similarity matrix). The resultant error matrix will be used to measure the overall thematic accuracy of the first classification results. The following methodology was applied: Step 1: Photo Science randomly selected 20 polygons from each land cover code from the final map. This equated to 160 polygons. Step 2: All attributes associated with each of the polygons were dropped, leaving only a polygon ID. Step 3: Photo Science subcontractor (HDR) conducted an independent classification of the 160 selected polygons without referencing Photo Science's original codes. HDR's results were compared with Photo Science's and were found to have a 95.8% consistency rating.</measDesc></dqReport><dqReport type="DQAbsExtPosAcc"><measDesc>The positional accuracy of this data meets USGS NMAS for 1:12000 scale maps. Horizontal accuracy of the data corresponds to the positional accuracy of the aerotriangulated photography that was controlled by GPS survey control points.</measDesc></dqReport><dataLineage><prcStep><stepDesc>Photointerpretation Key The current photointerpretation key contains examples of all Land Cover classification types delineated for the study and includes both textural descriptions of the classification types along with several aerial photo clips clearly delineated to show users the signatures on the photos.</stepDesc></prcStep><prcStep><stepDesc>Photointerpretation Photointerpretation for the project was accomplished using heads up photogrammetric techniques. Photointerpreters utilized previously collected field data and in-process collection of field data along with other available collateral data to assist in their interpretation. Throughout the photointerpretation process, positional accuracy of land cover boundaries was maintained according to the photographic signatures apparent on the photography. The following coding and classification system was applied during photointerpretation: CODE CLASS NAME 1 Developed Land 2 Undeveloped Land 3 Impervious surface 4 Hammock 5 Pineland 6 Exotic 7 Scrub mangrove 8 Freshwater Wetland 9 Salt marsh 10 Buttonwood 11 Mangrove 12 Beach Berm 13 Water Classification Conventions 1) Developed Land Comprised of areas of intensive use with much of the land covered by structures. Examples are dwellings, strip developments, industrial and commercial complexes, landfills, golfcourses and parks. All impervious surface areas below 0.5 acres will also be included within this category. 2) Undeveloped Land Includes open, scarified or disturbed lands which tend to have uncertain land uses and may contain native species. 3) Impervious Surface Includes all surfaces above 0.5 acres which do not allow, or minimally allows, the penetration of water. Examples are building roofs, concrete and asphalt pavements/parking lots and some fine grained soils such as clays. 4) Hammock Used to designate most of the upland and upland hammock vegetation found throughout the Keys that is natural and generally undisturbed. 5) Pineland This is an upland forest community with an open canopy dominated by the native slash pine composed of known species. 6) Exotic Invasive exotic species include Melaleuca, Australian Pine, Brazilian Pepper, Leatherleaf and Sapodilla north of the seven mile bridge. 7) Scrub Mangrove Typically found in the lower Keys, coastal scrub mangrove of dwarf mangrove are dominated by known species. Plants are typically less than 5' tall. 8) Freshwater Wetland Wetland areas with either standing water or saturated soil or both where the water is fresh or brackish composed of known species. Some Freshwater Wetlands are isolated and therefore not subject to the MMU of 0.5 acres. Rather, photointerpreters will delineate them without regard to the MMU. 9) Salt marsh The salt marsh community is a wetland area subject to tidal influence, and the vegetation is dominated by non-woody groundcovers and grasses. 10) Buttonwood Designates the transitional areas located between tidal mangroves and hammocks that are dominated by Buttonwood. The Buttonwood wetland is a wetland that is usually present in the more landward zone of the transitional wetland area, and may intermix with more upland communities. 11) Mangrove A wetland plant association subject to tidal influence where the vegetation is dominated by Black, White or Red mangroves, containing both shrub and tree size vegetation. 12) Beach Berm A bare sandy shoreline, coastal dune or a mound or ridge of unconsolidated sand that is immediately landward of, and usually parallel to, the shoreline. The sand is calcareous material that is the remains of marine organisms such as corals, algae and molluscs. The berm may include forested, coastal ridges and may be colonized by hammock vegetation. 13) Water All water bodies, both fresh and tidal (saline).</stepDesc></prcStep><prcStep><stepDesc>Quality Assurance and Quality Control Photo Science, Inc. has established, documented, implemented and maintains a thorough quality control system. Photo Science's Quality Control techniques are designed to ensure products/materials provided by Photo Science are subject to adequate control of quality to ensure customer satisfaction. The techniques are designed to prevent discrepancies from occurring and are enforced with positive corrective action when necessary. Quality control reviews were ongoing throughout the project. The dataset was examined for adherence to mapping conventions, the PI Key, spatial and classification accuracy, and photointerpretation consistency. In-Process Photointerpretation Quality Assurance Photo Science's Project Manager and the designated QA Photointerpreter systematically reviewed the delineations and classifications interpreted from the aerial photographs. During quality control review using ARC/GIS software, the QA Photointerpreter reviewed the land cover delineations interpreted on the aerial photographs. The original photointerpreter completed the required revisions and resubmitted the data to the QA Photointerpreter. The work was checked again by the quality assurance photointerpreter prior to delivery. Comparison of the completed data with the orthophotos was performed. This was done during photointerpretation and quality assurance. The quality of the ArcGIS digital data was monitored by a combination of manual and automated analyses. A set of automated quality control programs were used to check for errors, such as missing polygon label points, label points with no attributes, invalid attribute codes, missing attributes within the info tables, and two adjacent polygons with the same attributes.</stepDesc></prcStep><prcStep><stepDesc>Final Geodatabase At the conclusion of the photointerpretation processes for building topology and validating the dataset were completed. Unique identifiers (record numbers) for resulting polygons were assigned automatically by the system according to normal ARC/GIS conventions.</stepDesc></prcStep><dataSource><srcDesc>photographic signature for interpretation of Land Cover data.</srcDesc><srcScale><equScale><rfDenom>0</rfDenom></equScale></srcScale><srcCitatn><resTitle>2006 Florida Keys Aerial Photography</resTitle><citRespParty><rpOrgName>FDOT/Monroe County</rpOrgName><role><RoleCd value="006"/></role></citRespParty></srcCitatn></dataSource></dataLineage></dqInfo><Esri><ArcGISFormat>1.0</ArcGISFormat><DataProperties><itemProps><itemLocation><linkage Sync="TRUE">file://\\IP-0A7A5217\G$\Global\Florida Keys\xml\fl_MonroeCo_landcover_2009_x2</linkage><protocol Sync="TRUE">Local Area Network</protocol></itemLocation></itemProps><copyHistory><copy source="G:\Global\Florida Keys\Prepped\Habitat\fl_MonroeCo_landcover_2009_x2" dest="\\IP-0A7A5217\G$\Global\Florida Keys\xml\fl_MonroeCo_landcover_2009_x2" date="20121108" time="21183800"/></copyHistory></DataProperties><ArcGISProfile>FGDC</ArcGISProfile></Esri></metadata>
