<metadata><mdLang><languageCode value="eng"/></mdLang><mdHrLv><ScopeCd value="005"/></mdHrLv><mdStanName>ArcGIS Metadata</mdStanName><mdStanVer>1.0</mdStanVer><dataIdInfo><idAbs>&lt;DIV STYLE="text-align:Left;"&gt;&lt;DIV&gt;&lt;P&gt;&lt;SPAN&gt;Public Parcels of Monroe County, Florida. This was downloaded by J. Knowles on April 4, 2012 via an FTP site emailed by J. Bryan Davisson (Davisson-Bryan@monroecountry-fl.gov).&lt;/SPAN&gt;&lt;/P&gt;&lt;/DIV&gt;&lt;/DIV&gt;</idAbs><idPurp>To locate all public parcels in Monroe County, Florida.</idPurp><dataLang><languageCode value="eng"/></dataLang><idCitation><resTitle> Monroe County Parcel Boundaries</resTitle></idCitation></dataIdInfo><Esri><ArcGISFormat>1.0</ArcGISFormat><ArcGISProfile>FGDC</ArcGISProfile><DataProperties><itemProps><itemLocation><linkage Sync="TRUE">file://\\IP-0A7A5217\G$\Global\Florida Keys\xml\fl_poli_clm_parcel_public</linkage><protocol Sync="TRUE">Local Area Network</protocol></itemLocation></itemProps><copyHistory><copy source="G:\Global\Florida Keys\Prepped\Political\fl_poli_clm_parcel_public" dest="\\IP-0A7A5217\G$\Global\Florida Keys\xml\fl_poli_clm_parcel_public" date="20121108" time="23152500"></copy></copyHistory></DataProperties></Esri></metadata>
