﻿<?xml-stylesheet type="text/xsl" href="./FGDC_Plus.xsl"?>
<metadata>
  <idinfo>
    <citation>
      <citeinfo>
        <title>Census Block</title>
        <geoform>vector digital data</geoform>
      </citeinfo>
    </citation>
    <descript>
      <abstract>HAZUS contains GIS boundary maps for the U.S. and the Territories with four GIS map layers: states (or territories), counties, census tracts and census blocks. This data set was developed from the 2000 version of Census TIGER/Line® files. Census Tract and County boundaries were clipped to take account of the coastal configuration. Census TIGER/Line files are compiled from a variety of sources (USGS topographic maps, GBF/DIME-files, aerial photography, etc.). The U.S. Census Bureau does not verify the accuracy of feature updates added by its field staff or features derived from GBF/DIME-Files or other map or digital sources. Only the positional accuracy of USGS sources from the United States National Map Accuracy Standards is considered approximate. The positional accuracy varies with the scale of the source map used (such as 1:20,000, 1:24,000, 1:30,000, 1: 63,000 and 1:100,000).</abstract>
      <purpose>For the FL Keys SLR mapping effort.</purpose>
    </descript>
    <spdom>
      <bounding>
        <westbc>-81.816477</westbc>
        <eastbc>-80.169929</eastbc>
        <northbc>25.536658</northbc>
        <southbc>24.544105</southbc>
      </bounding>
    </spdom>
    <keywords />
    <datacred>HAZUS-MH</datacred>
    <native>Microsoft Windows Server 2008 R2 Version 6.1 (Build 7601) Service Pack 1; ESRI ArcGIS 10.0.2.3200</native>
  </idinfo>
  <spdoinfo>
    <direct>Vector</direct>
    <ptvctinf>
      <sdtsterm>
        <sdtstype>GT-polygon composed of chains</sdtstype>
        <ptvctcnt>2695</ptvctcnt>
      </sdtsterm>
    </ptvctinf>
  </spdoinfo>
  <spref>
    <horizsys>
      <planar>
        <mapproj>
          <mapprojn>WGS 1984 Web Mercator Auxiliary Sphere</mapprojn>
          <mapprojp>
            <otherprj>PROJCS["WGS_1984_Web_Mercator_Auxiliary_Sphere",GEOGCS["GCS_WGS_1984",DATUM["D_WGS_1984",SPHEROID["WGS_1984",6378137.0,298.257223563]],PRIMEM["Greenwich",0.0],UNIT["Degree",0.0174532925199433]],PROJECTION["Mercator_Auxiliary_Sphere"],PARAMETER["False_Easting",0.0],PARAMETER["False_Northing",0.0],PARAMETER["Central_Meridian",0.0],PARAMETER["Standard_Parallel_1",0.0],PARAMETER["Auxiliary_Sphere_Type",0.0],UNIT["Meter",1.0],AUTHORITY["EPSG",3857]]-20037700-30241100148923141.92838538-10000010000-100000100000.0010.0010.001true3857</otherprj>
          </mapprojp>
        </mapproj>
        <planci>
          <plance>coordinate pair</plance>
          <coordrep>
            <absres>0.000000006714873101998366</absres>
            <ordres>0.000000006714873101998366</ordres>
          </coordrep>
          <plandu>Meter</plandu>
        </planci>
      </planar>
      <geodetic>
        <horizdn>D WGS 1984</horizdn>
        <ellips>WGS 1984</ellips>
        <semiaxis>6378137.0</semiaxis>
        <denflat>298.257223563</denflat>
      </geodetic>
    </horizsys>
  </spref>
  <eainfo>
    <detailed>
      <enttyp>
        <enttypl>fl_poli_censusblock</enttypl>
      </enttyp>
      <attr>
        <attrlabl>FID</attrlabl>
        <attrdef>Internal feature number.</attrdef>
        <attrdefs>ESRI</attrdefs>
        <attrdomv>
          <udom>Sequential unique whole numbers that are automatically generated.</udom>
        </attrdomv>
      </attr>
      <attr>
        <attrlabl>SHAPE</attrlabl>
        <attrdef>Feature geometry.</attrdef>
        <attrdefs>ESRI</attrdefs>
        <attrdomv>
          <udom>Coordinates defining the features.</udom>
        </attrdomv>
      </attr>
      <attr>
        <attrlabl>CensusBloc</attrlabl>
      </attr>
      <attr>
        <attrlabl>Tract</attrlabl>
      </attr>
      <attr>
        <attrlabl>BldgScheme</attrlabl>
      </attr>
      <attr>
        <attrlabl>BlockType</attrlabl>
      </attr>
      <attr>
        <attrlabl>BlockArea</attrlabl>
      </attr>
      <attr>
        <attrlabl>CenLat</attrlabl>
      </attr>
      <attr>
        <attrlabl>CenLongit</attrlabl>
      </attr>
      <attr>
        <attrlabl>PctWithBas</attrlabl>
      </attr>
      <attr>
        <attrlabl>Pct1StoryR</attrlabl>
      </attr>
      <attr>
        <attrlabl>Pct2StoryR</attrlabl>
      </attr>
      <attr>
        <attrlabl>Pct3StoryR</attrlabl>
      </attr>
      <attr>
        <attrlabl>PctSplitLv</attrlabl>
      </attr>
      <attr>
        <attrlabl>Pct1to2Str</attrlabl>
      </attr>
      <attr>
        <attrlabl>Pct3to4Str</attrlabl>
      </attr>
      <attr>
        <attrlabl>Pct5Strypl</attrlabl>
      </attr>
      <attr>
        <attrlabl>PctLowRise</attrlabl>
      </attr>
      <attr>
        <attrlabl>PctMidRise</attrlabl>
      </attr>
      <attr>
        <attrlabl>PctHighRis</attrlabl>
      </attr>
      <attr>
        <attrlabl>Pct1CarGar</attrlabl>
      </attr>
      <attr>
        <attrlabl>Pct2CarGar</attrlabl>
      </attr>
      <attr>
        <attrlabl>Pct3CarGar</attrlabl>
      </attr>
      <attr>
        <attrlabl>PctCarPort</attrlabl>
      </attr>
      <attr>
        <attrlabl>PctNoGarag</attrlabl>
      </attr>
      <attr>
        <attrlabl>IncomeRati</attrlabl>
      </attr>
      <attr>
        <attrlabl>SHAPE_Leng</attrlabl>
      </attr>
      <attr>
        <attrlabl>Shape_Le_1</attrlabl>
      </attr>
      <attr>
        <attrlabl>SHAPE_Area</attrlabl>
        <attrdef>Area of feature in internal units squared.</attrdef>
        <attrdefs>ESRI</attrdefs>
        <attrdomv>
          <udom>Positive real numbers that are automatically generated.</udom>
        </attrdomv>
      </attr>
    </detailed>
  </eainfo>
  <metainfo>
    <metd>20120413</metd>
    <metstdn>FGDC Content Standard for Digital Geospatial Metadata</metstdn>
    <metstdv>FGDC-STD-001-1998</metstdv>
  </metainfo>
</metadata>