﻿<?xml-stylesheet type="text/xsl" href="./FGDC_Plus.xsl"?>
<metadata>
  <idinfo>
    <citation>
      <citeinfo>
        <title>Demographics by Census Block</title>
        <geoform>vector digital data</geoform>
      </citeinfo>
    </citation>
    <descript>
      <abstract>Demographics data by census block provided by as inventory data for the HAZUS-MH program. This includes population, households, group quarters, gender breakdown, income, building age, race, school enrollment to name a few.</abstract>
    </descript>
    <spdom>
      <bounding>
        <westbc>-81.816480</westbc>
        <eastbc>-80.240580</eastbc>
        <northbc>25.354330</northbc>
        <southbc>24.544110</southbc>
      </bounding>
    </spdom>
    <keywords />
    <native>Microsoft Windows Server 2008 R2 Version 6.1 (Build 7601) Service Pack 1; ESRI ArcGIS 10.0.2.3200</native>
  </idinfo>
  <spdoinfo>
    <direct>Vector</direct>
    <ptvctinf>
      <sdtsterm>
        <sdtstype>GT-polygon composed of chains</sdtstype>
        <ptvctcnt>2687</ptvctcnt>
      </sdtsterm>
    </ptvctinf>
  </spdoinfo>
  <spref>
    <horizsys>
      <planar>
        <mapproj>
          <mapprojn>WGS 1984 Web Mercator Auxiliary Sphere</mapprojn>
          <mapprojp>
            <otherprj>PROJCS["WGS_1984_Web_Mercator_Auxiliary_Sphere",GEOGCS["GCS_WGS_1984",DATUM["D_WGS_1984",SPHEROID["WGS_1984",6378137.0,298.257223563]],PRIMEM["Greenwich",0.0],UNIT["Degree",0.0174532925199433]],PROJECTION["Mercator_Auxiliary_Sphere"],PARAMETER["False_Easting",0.0],PARAMETER["False_Northing",0.0],PARAMETER["Central_Meridian",0.0],PARAMETER["Standard_Parallel_1",0.0],PARAMETER["Auxiliary_Sphere_Type",0.0],UNIT["Meter",1.0],AUTHORITY["EPSG",3857]]-20037700-30241100148923141.92838538-10000010000-100000100000.0010.0010.001true3857</otherprj>
          </mapprojp>
        </mapproj>
        <planci>
          <plance>coordinate pair</plance>
          <coordrep>
            <absres>0.000000006714873101998366</absres>
            <ordres>0.000000006714873101998366</ordres>
          </coordrep>
          <plandu>Meter</plandu>
        </planci>
      </planar>
      <geodetic>
        <horizdn>D WGS 1984</horizdn>
        <ellips>WGS 1984</ellips>
        <semiaxis>6378137.0</semiaxis>
        <denflat>298.257223563</denflat>
      </geodetic>
    </horizsys>
  </spref>
  <eainfo>
    <detailed>
      <enttyp>
        <enttypl>flkeys_soec_demographics</enttypl>
      </enttyp>
      <attr>
        <attrlabl>FID</attrlabl>
        <attrdef>Internal feature number.</attrdef>
        <attrdefs>ESRI</attrdefs>
        <attrdomv>
          <udom>Sequential unique whole numbers that are automatically generated.</udom>
        </attrdomv>
      </attr>
      <attr>
        <attrlabl>Shape</attrlabl>
        <attrdef>Feature geometry.</attrdef>
        <attrdefs>ESRI</attrdefs>
        <attrdomv>
          <udom>Coordinates defining the features.</udom>
        </attrdomv>
      </attr>
      <attr>
        <attrlabl>OBJECTID</attrlabl>
      </attr>
      <attr>
        <attrlabl>CensusBloc</attrlabl>
      </attr>
      <attr>
        <attrlabl>SHAPE_Leng</attrlabl>
      </attr>
      <attr>
        <attrlabl>SHAPE_Area</attrlabl>
        <attrdef>Area of feature in internal units squared.</attrdef>
        <attrdefs>ESRI</attrdefs>
        <attrdomv>
          <udom>Positive real numbers that are automatically generated.</udom>
        </attrdomv>
      </attr>
      <attr>
        <attrlabl>CensusBl_1</attrlabl>
      </attr>
      <attr>
        <attrlabl>Population</attrlabl>
      </attr>
      <attr>
        <attrlabl>Households</attrlabl>
      </attr>
      <attr>
        <attrlabl>GroupQuart</attrlabl>
      </attr>
      <attr>
        <attrlabl>MaleLess16</attrlabl>
      </attr>
      <attr>
        <attrlabl>Male16to65</attrlabl>
      </attr>
      <attr>
        <attrlabl>MaleOver65</attrlabl>
      </attr>
      <attr>
        <attrlabl>FemaleLess</attrlabl>
      </attr>
      <attr>
        <attrlabl>Female16to</attrlabl>
      </attr>
      <attr>
        <attrlabl>FemaleOver</attrlabl>
      </attr>
      <attr>
        <attrlabl>MalePopula</attrlabl>
      </attr>
      <attr>
        <attrlabl>FemalePopu</attrlabl>
      </attr>
      <attr>
        <attrlabl>White</attrlabl>
      </attr>
      <attr>
        <attrlabl>Black</attrlabl>
      </attr>
      <attr>
        <attrlabl>NativeAmer</attrlabl>
      </attr>
      <attr>
        <attrlabl>Asian</attrlabl>
      </attr>
      <attr>
        <attrlabl>Hispanic</attrlabl>
      </attr>
      <attr>
        <attrlabl>PacifiIsla</attrlabl>
      </attr>
      <attr>
        <attrlabl>OtherRaceO</attrlabl>
      </attr>
      <attr>
        <attrlabl>IncLess10</attrlabl>
      </attr>
      <attr>
        <attrlabl>Inc10to20</attrlabl>
      </attr>
      <attr>
        <attrlabl>Inc20to30</attrlabl>
      </attr>
      <attr>
        <attrlabl>Inc30to40</attrlabl>
      </attr>
      <attr>
        <attrlabl>Inc40to50</attrlabl>
      </attr>
      <attr>
        <attrlabl>Inc50to60</attrlabl>
      </attr>
      <attr>
        <attrlabl>Inc60to75</attrlabl>
      </attr>
      <attr>
        <attrlabl>Inc75to100</attrlabl>
      </attr>
      <attr>
        <attrlabl>IncOver100</attrlabl>
      </attr>
      <attr>
        <attrlabl>ResidDay</attrlabl>
      </attr>
      <attr>
        <attrlabl>ResidNight</attrlabl>
      </attr>
      <attr>
        <attrlabl>Hotel</attrlabl>
      </attr>
      <attr>
        <attrlabl>Visitor</attrlabl>
      </attr>
      <attr>
        <attrlabl>WorkingCom</attrlabl>
      </attr>
      <attr>
        <attrlabl>WorkingInd</attrlabl>
      </attr>
      <attr>
        <attrlabl>Commuting5</attrlabl>
      </attr>
      <attr>
        <attrlabl>OwnerSingl</attrlabl>
      </attr>
      <attr>
        <attrlabl>OwnerMultU</attrlabl>
      </attr>
      <attr>
        <attrlabl>OwnerMultS</attrlabl>
      </attr>
      <attr>
        <attrlabl>OwnerMHs</attrlabl>
      </attr>
      <attr>
        <attrlabl>RenterSing</attrlabl>
      </attr>
      <attr>
        <attrlabl>RenterMult</attrlabl>
      </attr>
      <attr>
        <attrlabl>RenterMu_1</attrlabl>
      </attr>
      <attr>
        <attrlabl>RenterMHs</attrlabl>
      </attr>
      <attr>
        <attrlabl>VacantSing</attrlabl>
      </attr>
      <attr>
        <attrlabl>VacantMult</attrlabl>
      </attr>
      <attr>
        <attrlabl>VacantMu_1</attrlabl>
      </attr>
      <attr>
        <attrlabl>VacantMHs</attrlabl>
      </attr>
      <attr>
        <attrlabl>BuiltBefor</attrlabl>
      </attr>
      <attr>
        <attrlabl>Built40to4</attrlabl>
      </attr>
      <attr>
        <attrlabl>Built50to5</attrlabl>
      </attr>
      <attr>
        <attrlabl>Built60to6</attrlabl>
      </attr>
      <attr>
        <attrlabl>Built70to7</attrlabl>
      </attr>
      <attr>
        <attrlabl>Built80to8</attrlabl>
      </attr>
      <attr>
        <attrlabl>Built90to9</attrlabl>
      </attr>
      <attr>
        <attrlabl>BuiltAfter</attrlabl>
      </attr>
      <attr>
        <attrlabl>MedianYear</attrlabl>
      </attr>
      <attr>
        <attrlabl>AvgRent</attrlabl>
      </attr>
      <attr>
        <attrlabl>AvgValue</attrlabl>
      </attr>
      <attr>
        <attrlabl>SchoolEnro</attrlabl>
      </attr>
      <attr>
        <attrlabl>Shape_Le_1</attrlabl>
      </attr>
      <attr>
        <attrlabl>SchoolEn_1</attrlabl>
      </attr>
    </detailed>
  </eainfo>
  <metainfo>
    <metd>20120413</metd>
    <metstdn>FGDC Content Standard for Digital Geospatial Metadata</metstdn>
    <metstdv>FGDC-STD-001-1998</metstdv>
  </metainfo>
</metadata>